id,first_name,last_name,email,gender,ip_address
1,Flossie,Mariette,fmariette0@amazonaws.com,Female,114.214.25.77
2,Mady,Simionescu,msimionescu1@barnesandnoble.com,Female,70.199.225.41
3,Arv,Cruddace,acruddace2@alibaba.com,Male,63.0.194.3
4,Saxe,Gateshill,sgateshill3@sitemeter.com,Male,39.76.119.114
5,Hank,Lightbody,hlightbody4@opera.com,Male,110.110.246.43
6,Flss,Tugwell,ftugwell5@prlog.org,Female,179.4.1.217
7,Fania,Crabtree,fcrabtree6@phoca.cz,Female,211.250.221.200
8,Case,Hambidge,chambidge7@princeton.edu,Genderfluid,234.103.228.159
9,Regine,Gethin,rgethin8@shinystat.com,Female,133.25.51.167
10,Rafael,Cerith,rcerith9@upenn.edu,Male,39.12.6.147
11,Drucill,Cadreman,dcadremana@google.es,Bigender,12.142.58.118
12,Thomas,Alkins,talkinsb@phoca.cz,Male,107.15.4.181
13,Stacy,Applegarth,sapplegarthc@timesonline.co.uk,Non-binary,199.0.103.12
14,Delilah,Goggan,dgoggand@fema.gov,Genderfluid,164.49.193.58
15,Jenica,Barkway,jbarkwaye@instagram.com,Female,165.161.28.68
16,Matthias,Meanwell,mmeanwellf@odnoklassniki.ru,Male,108.167.207.99
17,Davon,Roome,droomeg@berkeley.edu,Male,151.50.143.196
18,Roscoe,Broodes,rbroodesh@google.co.uk,Male,244.178.79.206
19,Poppy,Walentynowicz,pwalentynowiczi@epa.gov,Female,0.23.120.210
20,Marcus,Lavrick,mlavrickj@engadget.com,Bigender,113.141.66.84
21,Leela,Westgate,lwestgatek@bbc.co.uk,Female,118.236.201.167
22,Tarrance,Sloley,tsloleyl@uol.com.br,Male,122.166.24.119
23,Hersh,Damant,hdamantm@narod.ru,Male,166.48.1.74
24,Garek,Barford,gbarfordn@bluehost.com,Male,213.12.123.40
25,Camala,Pleager,cpleagero@europa.eu,Female,16.52.84.31
26,Syman,Brougham,sbroughamp@vistaprint.com,Male,39.28.44.63
27,Kristos,Klimentov,kklimentovq@reuters.com,Male,225.196.128.190
28,Hyatt,Caines,hcainesr@1688.com,Male,129.222.161.159
29,Hurley,Brownell,hbrownells@pbs.org,Male,78.139.70.186
30,Gretal,Scorrer,gscorrert@yelp.com,Female,32.142.216.108
31,Thornie,Berzins,tberzinsu@twitpic.com,Male,153.172.49.145
32,Larisa,Petruska,lpetruskav@ihg.com,Female,153.7.98.177
33,Fidelio,Langcaster,flangcasterw@php.net,Male,194.227.4.79
34,Carney,Antonat,cantonatx@google.nl,Male,173.40.87.143
35,Kristoffer,Piscopello,kpiscopelloy@nsw.gov.au,Male,75.67.62.154
36,Denys,Whitnell,dwhitnellz@npr.org,Male,22.60.146.15
37,Markos,Beevers,mbeevers10@prlog.org,Male,190.54.21.93
38,Gerta,Antosik,gantosik11@usatoday.com,Bigender,229.196.55.206
39,Lothario,Waghorne,lwaghorne12@mozilla.org,Male,173.81.42.150
40,Danny,Vamplers,dvamplers13@typepad.com,Male,178.175.29.119
41,Rana,Ash,rash14@ask.com,Female,140.55.204.239
42,Brett,Holburn,bholburn15@zimbio.com,Female,45.158.87.38
43,Chlo,Kettell,ckettell16@google.com.hk,Female,50.158.82.5
44,Vick,Gussie,vgussie17@arstechnica.com,Male,219.31.190.93
45,Jorie,Kendred,jkendred18@t.co,Female,130.126.144.223
46,Gilligan,Ferrettino,gferrettino19@mtv.com,Female,3.151.60.30
47,Arielle,Kopelman,akopelman1a@umn.edu,Female,15.122.163.214
48,Bari,Itscowicz,bitscowicz1b@nsw.gov.au,Female,241.231.69.85
49,Levi,Dabnor,ldabnor1c@timesonline.co.uk,Male,148.85.128.177
50,Linzy,Donohue,ldonohue1d@apple.com,Female,63.248.87.51
